TMB,aghq,adam,tmbstan
3.15663608312607,51.2362773497899,31.4329381982485,2.41413700541688
